Series Name,Series Code,Country Name,Country Code,2000 [YR2000],2001 [YR2001],2002 [YR2002],2003 [YR2003],2004 [YR2004],2005 [YR2005],2006 [YR2006],2007 [YR2007],2008 [YR2008],2009 [YR2009],2010 [YR2010],2011 [YR2011],2012 [YR2012]
GDP per capita (current US$),NY.GDP.PCAP.CD,Burundi,BDI,130.4238484661,128.1980582832,117.2814012762,108.0145510288,121.8593035783,143.7839061262,158.3050232019,162.8275093589,186.8717488701,194.8966661296,219.5297994514,246.9143271075,251.0145229856
GDP per capita (current US$),NY.GDP.PCAP.CD,Malawi,MWI,153.9996381587,147.6793904406,223.4600948397,198.113275074,208.8557635393,213.1566745316,234.2124678009,265.996882099,302.4973020152,345.1948684066,359.5794213755,364.0876591898,266.5889121681
GDP per capita (current US$),NY.GDP.PCAP.CD,Niger,NER,163.6401097699,170.6961621406,183.6698779448,222.8992463991,240.217438675,258.2817603313,266.5794372075,302.2663968391,366.630642796,352.6851072324,359.8012576295,388.1648935454,404.6274173925
GDP per capita (current US$),NY.GDP.PCAP.CD,Liberia,LBR,182.9427730964,171.7370791096,174.5545681456,130.9125918266,146.6412406777,165.7600835698,178.4538335079,209.8141611029,231.4474959951,302.2802046509,326.6044330144,376.9282803061,413.758415594
GDP per capita (current US$),NY.GDP.PCAP.CD,"Congo, Dem. Rep.",COD,406.5677033223,154.4248583307,176.2636180642,175.3415684013,196.1900279602,221.4496928178,257.1738007694,286.1447493135,326.5279563099,301.9325213674,330.0032519764,373.039976556,417.977041445
GDP per capita (current US$),NY.GDP.PCAP.CD,Madagascar,MDG,246.2826409653,278.9874499305,262.7418197514,317.4220316916,245.6704529353,275.5158225116,292.9909443061,379.0674152678,472.3793997539,417.1785259837,414.1427872187,456.3278968222,444.9546285106
GDP per capita (current US$),NY.GDP.PCAP.CD,Ethiopia,ETH,124.8389564075,121.1257449968,112.2372460104,119.7906835551,136.7856661814,162.8146097224,195.1811874665,244.9955658161,327.6025513177,382.3449029843,343.6901516396,357.4411930524,472.1603060132
GDP per capita (current US$),NY.GDP.PCAP.CD,Central African Republic,CAF,251.3526400631,251.5718069714,263.1597030631,297.6143873494,326.1973133396,340.9078669472,365.4970900532,413.4814235475,474.3894319343,464.5132222251,456.5634285386,494.9260950803,479.4710175948
GDP per capita (current US$),NY.GDP.PCAP.CD,Guinea,GIN,342.4785195417,318.5306699393,326.079948175,374.4268445134,390.8845623321,306.7011510352,299.1770766459,411.484706879,437.8056826735,435.1756628541,435.4488880124,454.0022775647,494.8995397828
GDP per capita (current US$),NY.GDP.PCAP.CD,Eritrea,ERI,179.3116049379,183.4325247633,170.3394647427,194.5760269867,237.7127366286,226.2896113577,240.5468162509,252.9776299355,256.4375698082,334.0648851513,368.7477581969,439.5423714258,504.3234084
GDP per capita (current US$),NY.GDP.PCAP.CD,"Gambia, The",GMB,637.1042711739,542.6821777823,442.5269095548,361.1578374335,415.8139681878,434.4954440201,441.9196561883,522.3399172786,612.0285782844,553.1065282291,566.3481084099,521.1952440068,509.3875908364
GDP per capita (current US$),NY.GDP.PCAP.CD,Guinea-Bissau,GNB,290.717319829,301.3472380341,312.4648099408,350.1415589318,381.8757432395,412.7932776366,407.4114417418,468.6309873531,569.6462359693,532.4613388202,534.1475780594,679.4932984928,576.389848881
GDP per capita (current US$),NY.GDP.PCAP.CD,Low income,LIC,257.9035227054,225.7514541491,235.6727694401,250.1850696872,276.6168751424,312.9815086647,340.7651926248,398.7976133056,468.4619169796,478.8153375001,505.4009126986,552.4009022905,588.5829355756
GDP per capita (current US$),NY.GDP.PCAP.CD,Togo,TGO,266.046452856,266.8807968873,287.8071866877,318.25525631,358.8603201508,381.7820196551,387.4198489105,432.4844132021,528.3375884815,514.7730044785,503.1618239941,580.322408806,589.4653959693
GDP per capita (current US$),NY.GDP.PCAP.CD,Mozambique,MOZ,235.8383060524,216.9227346602,217.4614873504,234.7954103126,278.7826934543,313.1079296721,328.7077425507,411.138998887,485.4585391315,458.8199227833,422.2079265363,536.8754950967,592.5540677762
GDP per capita (current US$),NY.GDP.PCAP.CD,Rwanda,RWA,206.6490713215,191.1740356147,186.6417480171,202.2732381899,225.7513897762,273.7661007633,321.948597054,380.2773293994,469.1961097393,504.1935281795,525.8549337463,574.8874856977,630.108441595
GDP per capita (current US$),NY.GDP.PCAP.CD,Sierra Leone,SLE,153.6017699103,251.2947087928,275.7603665744,291.0060543458,290.4135257582,317.9468514105,356.9673709304,398.5396777627,452.8914955017,434.9974609724,448.19837516,499.891028256,633.7669839707
GDP per capita (current US$),NY.GDP.PCAP.CD,Uganda,UGA,255.1218662814,232.8003900733,238.1551310365,236.1053445076,285.9641589901,313.7989723613,334.6391884566,400.0427874014,448.0668583366,517.0612833406,553.2625598213,530.9340000819,652.7495902255
GDP per capita (current US$),NY.GDP.PCAP.CD,Burkina Faso,BFA,226.8016078245,235.4618011575,260.6935810881,332.2270835441,371.217993361,406.998837384,422.8448252364,475.6756020579,570.930366627,554.4348077245,577.8508787917,670.450233677,678.3697361889
GDP per capita (current US$),NY.GDP.PCAP.CD,Nepal,NPL,236.9828442866,253.9433948521,251.0438721619,258.1178555123,291.8690418489,321.4550186477,352.8009746995,397.9040178609,477.9321763625,484.2724832401,596.0905496918,696.469243134,686.1489121688
GDP per capita (current US$),NY.GDP.PCAP.CD,Afghanistan,AFG,..,115.3125095049,185.959290112,198.2877991337,220.0562878237,252.407892507,275.350971778,373.5910916106,376.9774940042,450.6589877475,561.1981879537,616.0434186213,688.5787841504
GDP per capita (current US$),NY.GDP.PCAP.CD,Mali,MLI,236.0961101427,248.9630622832,307.1697218721,388.8183730861,421.1704287618,444.2846436102,496.7442830963,561.4963327309,665.0546887954,661.131711434,673.6946613867,738.5544780497,696.1823129262
GDP per capita (current US$),NY.GDP.PCAP.CD,Benin,BEN,339.4730256974,348.3345495262,378.658708433,464.0461430461,511.2929788823,532.6109982448,557.2324469048,633.0045634185,739.2452142962,712.5454070983,690.0022810842,745.3918674613,750.5131242477
GDP per capita (current US$),NY.GDP.PCAP.CD,Haiti,HTI,460.915334529,412.4250190909,391.9116418901,329.0607787925,387.4859783105,465.4370554718,506.7069073082,618.614523825,679.4312869321,674.3000007628,669.1867911028,749.2207106626,775.5445639089
GDP per capita (current US$),NY.GDP.PCAP.CD,Comoros,COM,382.1603212244,406.0951561474,443.7504420863,556.6473454717,628.8862806773,633.1812714815,658.7100831182,730.8792639979,805.7017234933,786.9083090523,776.618611219,837.2871000761,795.6285505453
GDP per capita (current US$),NY.GDP.PCAP.CD,Tanzania,TZA,308.1440923245,306.2721518838,310.6316441783,326.4841538554,349.6209314738,448.9298844729,479.7036583844,538.388895261,665.8375488544,674.2321348217,712.2331641216,745.6113308746,836.4524887081
GDP per capita (current US$),NY.GDP.PCAP.CD,Heavily indebted poor countries (HIPC),HPC,327.2355803837,301.9339202358,318.0009706922,352.7360543969,393.6321644727,442.7841186102,516.1330148255,600.2384275267,703.8929847981,689.3618435649,741.7550970831,805.4168687848,840.8609323139
GDP per capita (current US$),NY.GDP.PCAP.CD,Least developed countries: UN classification,LDC,303.4368057425,285.1556494421,300.1732527184,328.6571979881,372.4435784872,430.7884785323,490.6431588013,588.5650408814,708.4768649894,689.7693671052,752.8417658691,831.5852659192,861.1970204109
GDP per capita (current US$),NY.GDP.PCAP.CD,Bangladesh,BGD,403.146026944,400.7384325045,399.4275436859,432.2197292783,460.9942869348,485.1563612065,495.752931394,543.5851601012,619.2559213001,685.4559636047,762.80373951,841.5274954733,862.0539270606
GDP per capita (current US$),NY.GDP.PCAP.CD,Zimbabwe,ZWE,535.0402906287,538.4533497612,501.7131187108,451.9486506186,457.3841410971,452.7890249618,427.8343859643,415.3754819406,345.4074341595,632.8752670975,723.1646448527,820.1543148056,908.7823232459
GDP per capita (current US$),NY.GDP.PCAP.CD,Cambodia,KHM,298.9503625023,319.084862421,337.077258666,360.1448904589,405.9378328355,471.1625029369,536.6642700787,628.4320108941,742.5774345812,735.4133471866,782.6195057239,878.3830177919,945.4946463887
GDP per capita (current US$),NY.GDP.PCAP.CD,Tajikistan,TJK,139.109141559,171.8421973632,190.6763421169,238.0120375603,311.5502446557,339.7680767704,406.9623912808,523.0631841285,709.4322724962,668.6192010996,739.7378227534,834.6616740428,953.0585462131
GDP per capita (current US$),NY.GDP.PCAP.CD,South Sudan,SDS,..,..,..,..,..,..,..,..,1705.3841413359,1284.7184886001,1582.1267516307,1717.2415877074,956.7660467565
GDP per capita (current US$),NY.GDP.PCAP.CD,Chad,TCD,166.8513392622,198.2791150093,221.8337349474,293.9101858926,456.7944394133,663.7096973568,716.6389959747,807.7815699059,938.471828777,813.7560301613,909.2999069165,1006.3197705477,993.564933733
GDP per capita (current US$),NY.GDP.PCAP.CD,Senegal,SEN,474.5241577647,482.0184933575,513.3625289238,642.6130346257,732.2812349752,772.5267929638,807.9747503704,947.8897703233,1093.763690755,1017.9685808775,998.5996198779,1083.2617078353,1023.2886438368
GDP per capita (current US$),NY.GDP.PCAP.CD,Timor-Leste,TMP,431.12285244,518.7335098404,493.6805553239,485.3385959894,481.9092707555,499.5477617513,463.4388766162,550.477507233,672.3620446782,779.6743286985,875.8365692713,1002.3277567137,1105.3493687324
GDP per capita (current US$),NY.GDP.PCAP.CD,Lesotho,LSO,415.500118698,377.4513701746,348.3200515953,510.4219430393,645.5027111893,710.5178168193,736.3653882009,816.7961254253,826.8294439788,860.0903602685,1088.8518919204,1243.3291921258,1162.0625575943
GDP per capita (current US$),NY.GDP.PCAP.CD,Kenya,KEN,406.1159276717,404.21669507,398.4101558728,439.5963077507,462.0502121895,523.6137891975,702.5920213831,846.5230408783,925.7704301818,929.6110313961,977.7669839634,998.2283810389,1167.4926906546
GDP per capita (current US$),NY.GDP.PCAP.CD,Kyrgyz Republic,KGZ,279.6202749923,308.4090313867,321.7265380451,380.5073624355,433.2351189352,476.5518916926,543.1107024031,721.7686908389,966.3936271854,871.2243893379,880.0377751191,1123.8831680627,1177.9747348785
GDP per capita (current US$),NY.GDP.PCAP.CD,Cameroon,CMR,583.0948591807,589.1651390871,648.2987607377,790.891217296,892.5257390633,914.549607434,964.5995857978,1069.856896612,1190.2129710653,1163.0126398898,1145.3690419962,1256.7106117548,1219.9311609386
GDP per capita (current US$),NY.GDP.PCAP.CD,Pakistan,PAK,514.1579604788,492.3816981037,483.0318719141,546.1541483579,631.4978143069,693.1766896618,853.0709658972,929.5874437414,1018.3807337415,988.5873474174,1024.5888858191,1213.3717842176,1253.8847699832
GDP per capita (current US$),NY.GDP.PCAP.CD,Mauritania,MRT,477.6989637745,464.1176670976,460.2809265218,527.0567664392,600.0620995386,694.3200827981,939.1557185818,1008.0240841531,1177.6699660313,1041.5817594017,1201.7973887151,1383.5877448649,1276.3396497018
GDP per capita (current US$),NY.GDP.PCAP.CD,"Yemen, Rep.",YEM,549.939901672,546.5362272087,576.4238636727,617.2411933895,707.3734731605,831.8795657878,923.5306472258,1210.1538343229,1400.5623023498,1280.2510806931,1357.7622735603,1333.6158608662,1344.7181303467
GDP per capita (current US$),NY.GDP.PCAP.CD,Cote d'Ivoire,CIV,664.3606893453,681.6347622736,740.4455039267,905.1911489221,965.593078473,982.23142654,1007.8398369455,1133.4094891441,1326.6619458144,1305.1474639653,1311.3265646491,1309.00862559,1362.9486604266
GDP per capita (current US$),NY.GDP.PCAP.CD,South Asia,SAS,455.2309251274,459.4221943746,475.4972031082,545.8779935439,623.0371277841,703.0779289143,792.1303309088,989.2093076144,992.6210687012,1076.5573339849,1298.5544320217,1399.2536679367,1390.2816647076
GDP per capita (current US$),NY.GDP.PCAP.CD,Sao Tome and Principe,STP,550.1714471527,539.933866441,585.8063557648,687.0936869524,734.0353601333,797.1963075462,851.2390081351,882.9136216786,1090.4113825664,1134.1135930209,1127.9816671992,1355.4473444576,1399.9534833364
GDP per capita (current US$),NY.GDP.PCAP.CD,Lao PDR,LAO,321.289484059,323.3207343953,317.0602296341,360.0817870902,415.2222521477,472.4099409313,585.6383175055,702.273033908,886.7572095965,930.5911224377,1122.8523155894,1270.1763377147,1408.2799995013
GDP per capita (current US$),NY.GDP.PCAP.CD,Myanmar,MMR,..,..,..,..,..,..,..,..,..,..,..,..,1414.6727939422
GDP per capita (current US$),NY.GDP.PCAP.CD,India,IND,457.2835417849,466.2141764824,486.6404540175,565.3354830391,649.7106478822,740.1142605892,830.1632212524,1068.6776346284,1042.0842092479,1147.2378790433,1417.0736138018,1503.3410719179,1481.2009121414
GDP per capita (current US$),NY.GDP.PCAP.CD,Djibouti,DJI,762.5408422845,780.1451222247,794.0556712904,823.8074726886,869.8001788741,912.4992044999,976.2929868462,1061.6370921233,1233.3111211798,1458.8737867706,1353.1930280729,1463.5922236392,1574.6289679088
GDP per capita (current US$),NY.GDP.PCAP.CD,Ghana,GHA,264.6926967703,275.4762701792,311.6396215489,375.9648656611,426.2635127591,501.8642947303,929.9008164095,1099.1385298742,1234.3885517302,1096.5034560551,1326.0892815733,1594.0840857976,1653.3535097929
GDP per capita (current US$),NY.GDP.PCAP.CD,Sudan,SDN,356.4952698503,372.8265439791,406.9865789981,471.5243185729,557.2210233769,669.3966858099,878.5373712092,1094.0046211447,1263.4269449171,1197.7676140281,1439.5670910104,1617.5973842951,1685.4155818398
GDP per capita (current US$),NY.GDP.PCAP.CD,Sub-Saharan Africa (developing only),SSA,542.6004597149,490.6140871764,511.0213580088,636.9874446794,769.9667708917,878.1101846055,999.6391688953,1133.0639999682,1254.4099098323,1171.900548967,1528.4250045688,1669.7531198337,1703.7551628441
GDP per capita (current US$),NY.GDP.PCAP.CD,Uzbekistan,UZB,558.2211439778,456.7034891685,383.3494997487,396.1299689813,465.119886944,546.7768501856,642.9604146441,830.4076942043,1023.119641107,1181.8473596007,1377.0821404694,1544.8277727352,1719.0361962416
GDP per capita (current US$),NY.GDP.PCAP.CD,Sub-Saharan Africa (all income levels),SSF,544.606805938,493.2246482456,514.1354544238,640.8510814361,776.3948296224,889.40410992,1010.4538848596,1146.1242931048,1273.3227065785,1183.0486785384,1541.6924770136,1687.2733814058,1721.6720916685
GDP per capita (current US$),NY.GDP.PCAP.CD,Kiribati,KIR,815.488925017,748.8787501919,842.1898386144,1031.7899310084,1149.3761226097,1173.3380465819,1138.3072669098,1316.9568810759,1424.0647703916,1320.4915544106,1539.1046267482,1735.6199259087,1736.1963191122
GDP per capita (current US$),NY.GDP.PCAP.CD,Nicaragua,NIC,1001.2564414051,1028.2925396664,995.3579832293,1000.8574181287,1075.9833801735,1158.7663951107,1228.3048474346,1332.8673717798,1498.1323564314,1459.2115263462,1501.3739875474,1652.0539476426,1745.7953132063
GDP per capita (current US$),NY.GDP.PCAP.CD,Vietnam,VNM,433.3337076797,448.8822797783,477.1058762631,530.861849365,606.904378262,699.4997789764,796.6715737745,919.2092655681,1164.6125246171,1232.3696711883,1333.5835263548,1543.0269503302,1755.2654235751
GDP per capita (current US$),NY.GDP.PCAP.CD,Zambia,ZMB,356.4635865218,395.1348357211,394.6996223516,449.9390668169,556.7162919426,726.403488196,1082.7770341852,1160.8091728944,1437.8693706444,1195.1894934178,1533.2961416236,1740.6543636342,1771.8748570588
GDP per capita (current US$),NY.GDP.PCAP.CD,Solomon Islands,SLB,1055.2103564045,945.5423217147,785.6490434369,745.4855802864,819.3262832922,881.9647785153,950.0003847202,1048.6159223643,1208.0298357026,1160.7845806582,1275.6939095101,1647.7845114719,1865.2263733832
GDP per capita (current US$),NY.GDP.PCAP.CD,Lower middle income,LMC,570.036190987,567.0070229422,598.4350393031,674.0878746199,758.1762914684,858.7262712466,1002.9457073993,1216.1008065837,1332.8390878461,1350.7178697287,1686.0635503503,1857.2152113338,1903.7121312483
GDP per capita (current US$),NY.GDP.PCAP.CD,Moldova,MDA,354.0012789752,407.7302431871,458.6778168363,548.2896866905,720.9409320721,831.2036369447,950.6482043627,1230.4346847203,1695.9728111438,1525.5261188276,1631.5358317953,1970.5713725334,2046.5367866511
GDP per capita (current US$),NY.GDP.PCAP.CD,Papua New Guinea,PNG,654.6198569825,558.261615432,529.9294837896,609.3873989746,660.1899997168,798.2290757365,885.0422018207,991.0830616408,1221.227117899,1208.8607252957,1416.5624963614,1835.6273668521,2147.5165790895
GDP per capita (current US$),NY.GDP.PCAP.CD,Honduras,HND,1139.517301956,1188.7619829388,1197.1518160543,1228.1357978708,1297.1968321194,1401.9787672727,1540.5830578724,1710.050946052,1883.232362453,1952.8501056282,2078.3257595498,2277.3665149494,2334.7972788372
GDP per capita (current US$),NY.GDP.PCAP.CD,Bhutan,BTN,778.1664449363,820.0560128314,897.3943466382,1009.1551969661,1108.5183445411,1258.9917073762,1348.8201429905,1760.6026289596,1817.9816159059,1795.1494701039,2211.4469070667,2495.3869750204,2458.3958275928
GDP per capita (current US$),NY.GDP.PCAP.CD,Bolivia,BOL,988.533289261,939.1453810738,893.9468884731,896.3721252364,954.9220895218,1020.782395669,1203.256685754,1355.8872335817,1695.5621790872,1735.1433700624,1934.6660667447,2319.5959837182,2575.6836947783
GDP per capita (current US$),NY.GDP.PCAP.CD,Philippines,PHL,1043.4561027753,961.7169825159,1004.990581326,1015.7802765804,1084.7654670648,1201.0037640464,1398.8277271703,1680.5516468033,1927.5501050141,1831.9864562742,2135.9343082676,2358.0724666255,2587.6168803819
GDP per capita (current US$),NY.GDP.PCAP.CD,Nigeria,NGA,377.500257058,350.2878210751,457.4736504896,510.4169414355,645.9256501655,804.1523666996,1014.7567051886,1130.8798616389,1376.0161081767,1090.7465888714,2310.8609021451,2507.6829693584,2730.2228698857
GDP per capita (current US$),NY.GDP.PCAP.CD,West Bank and Gaza,WBG,1477.1493499643,1336.918719628,1156.7543343702,1254.9343450115,1336.9689019858,1455.9336796405,1442.8203908424,1576.2921228059,1855.4570204588,1963.2015186572,2338.719876823,2664.9513846395,2787.1697405926
GDP per capita (current US$),NY.GDP.PCAP.CD,Morocco,MAR,1275.88034552,1285.4474295202,1362.5324493126,1662.7071858076,1881.9647212027,1948.2001667602,2128.1714670145,2416.1750661133,2827.1783637799,2860.991557618,2822.7193469132,3044.0972238058,2899.9805256695
GDP per capita (current US$),NY.GDP.PCAP.CD,Sri Lanka,LKA,854.9267251522,837.6988034933,903.8964048532,984.8101724934,1063.1605835502,1242.4284358379,1424.101241423,1614.3639235451,2010.9565504415,2057.028067102,2399.920468625,2835.8128726265,2921.659559874
GDP per capita (current US$),NY.GDP.PCAP.CD,Swaziland,SWZ,1433.1812404461,1255.4788015461,1131.2560768753,1704.1852417796,2211.1235918727,2339.2899527779,2636.20449674,2690.6343992123,2616.9540836842,2679.3304117465,2956.6967946812,3140.5057911416,3054.9543034759
GDP per capita (current US$),NY.GDP.PCAP.CD,"Congo, Rep.",COG,1029.9745845228,871.670943342,919.6870143679,1039.3797989678,1347.8709070729,1718.1008154528,2120.097884535,2233.3081707429,3059.2262310675,2401.2981080636,2920.4068352153,3414.0548114771,3153.739747029
GDP per capita (current US$),NY.GDP.PCAP.CD,"Micronesia, Fed. Sts.",FSM,2170.9606255236,2239.9169543716,2257.7736649748,2293.579613541,2247.8376730002,2352.6394094051,2393.8005033779,2434.8059411782,2500.9052804838,2668.8102862968,2838.4485470811,3000.1498685025,3154.514241501
GDP per capita (current US$),NY.GDP.PCAP.CD,Vanuatu,VUT,1469.8888621449,1362.6377247031,1353.9767043004,1580.598054014,1788.0170922655,1886.3877341435,2046.9064715028,2392.8450777273,2697.2680152803,2642.9314988963,2965.7512100696,3276.3526697181,3161.4355384412
GDP per capita (current US$),NY.GDP.PCAP.CD,"Egypt, Arab Rep.",EGY,1509.5810205705,1452.7667044442,1286.1922790536,1194.306818276,1116.9251610186,1249.4932602467,1472.5705483843,1757.7758807988,2156.7629688668,2461.5085390571,2803.5395198129,2972.5976638642,3255.9236120758
GDP per capita (current US$),NY.GDP.PCAP.CD,Guatemala,GTM,1721.728980154,1629.3097660052,1765.8507201129,1816.9497883304,1937.7157062766,2146.1789139306,2326.3075523788,2561.4409215609,2867.4990924888,2697.3827674778,2882.3860258895,3240.3759129318,3340.782703508
GDP per capita (current US$),NY.GDP.PCAP.CD,Armenia,ARM,621.4248263189,692.3188255333,779.892841685,924.5821548293,1182.0973596488,1625.4077691268,2126.0875217887,3079.1521874095,3916.7381073829,2913.5741433858,3124.784017862,3421.6264302714,3353.8629299787
GDP per capita (current US$),NY.GDP.PCAP.CD,Pacific island small states,PSS,1753.7545895197,1697.4360595112,1772.1131567682,2059.5014666022,2353.5088779488,2547.6197802255,2642.5544566864,2872.9285521117,3025.6168588206,2653.6783041687,2896.0444094729,3336.3955008201,3488.7700931743
GDP per capita (current US$),NY.GDP.PCAP.CD,Marshall Islands,MHL,2126.8328715439,2206.6561156159,2391.3474033358,2434.7613057987,2517.6933890156,2645.9814053556,2757.3727056294,2877.1179290508,2924.3965929754,2906.2513135018,3126.516365301,3294.7271168683,3507.9193226144
GDP per capita (current US$),NY.GDP.PCAP.CD,Georgia,GEO,691.9977101053,733.9704142073,779.3845934799,922.0297416215,1186.8730474376,1469.9273198037,1761.1201002396,2318.1272627237,2918.7108154492,2440.9613177728,2613.7569247277,3219.6058711035,3528.7315108498
GDP per capita (current US$),NY.GDP.PCAP.CD,Cabo Verde,CPV,1218.7960311028,1248.9114236891,1352.4737708392,1743.1911530562,1951.780820968,2030.6589816628,2298.8148219032,3129.8187920146,3692.0026744073,3524.3303532933,3413.2633698938,3801.4497649353,3543.4552893236
GDP per capita (current US$),NY.GDP.PCAP.CD,Guyana,GUY,957.2809758067,931.2846248675,962.4740208696,984.4977823983,1038.2854755636,1084.1794009521,1905.5523327629,2258.9810085284,2478.4084869146,2593.3706198446,2873.9520080047,3257.8848644106,3584.693489379
GDP per capita (current US$),NY.GDP.PCAP.CD,Kosovo,KSV,1087.7624012089,1490.3610325023,1587.5058285127,1969.5627130741,2135.3328465238,2190.4975958252,2371.6620785632,2788.4794637241,3254.8606736952,3209.6941085705,3283.2119384317,3738.7813687803,3600.8870002769
GDP per capita (current US$),NY.GDP.PCAP.CD,Paraguay,PRY,1531.8889089437,1403.2460915897,1135.2953806284,1159.3977555672,1386.7460269684,1479.4041774488,1770.0134881394,2252.1379999543,2967.1861624457,2510.282080799,3103.4650383597,3818.5472481076,3677.8812410089
GDP per capita (current US$),NY.GDP.PCAP.CD,Indonesia,IDN,789.8058801027,756.9310129586,909.8873302205,1076.219004749,1160.6149236276,1273.4652165611,1601.0311458261,1871.2884062736,2178.1977256677,2272.0415283734,3137.3823562137,3662.6870442392,3718.1168708463
GDP per capita (current US$),NY.GDP.PCAP.CD,El Salvador,SLV,2204.1540620468,2307.7710904668,2381.1528969554,2495.5691858812,2611.1610719275,2814.9350403406,3042.748428164,3283.5305584627,3483.7094198488,3341.3202007153,3444.4561484482,3698.5461879512,3781.5007287141
GDP per capita (current US$),NY.GDP.PCAP.CD,Ukraine,UKR,635.7089635372,780.7380243251,879.4750486228,1048.5224879076,1367.3524333363,1828.7072773532,2303.0188309318,3068.608997997,3891.0378231821,2545.4803410735,2973.9964807156,3569.7570274048,3855.4212801318
GDP per capita (current US$),NY.GDP.PCAP.CD,Low & middle income,LMY,1092.1249975553,1079.553063585,1120.1814075778,1239.2756872532,1428.2124729937,1662.5039785348,1935.5002409139,2354.6459978384,2757.358559229,2731.4850012701,3285.9067642295,3807.1911236579,3972.8165743831
GDP per capita (current US$),NY.GDP.PCAP.CD,Tuvalu,TUV,1458.9494204424,1393.3327913255,1621.3335826602,1901.03347628,2232.6025174837,2252.8928856322,2353.4031549065,2768.4346607372,3094.6843335398,2763.1844200253,3238.4961105458,3993.6518380158,4044.1894644462
GDP per capita (current US$),NY.GDP.PCAP.CD,Tunisia,TUN,2247.9129946709,2286.5004602293,2373.7813781979,2790.0043682329,3139.5372016316,3217.8859710355,3394.3652239481,3805.2766716506,4342.6763184064,4162.5867367817,4212.1546669089,4305.0637354985,4197.5282761817
GDP per capita (current US$),NY.GDP.PCAP.CD,Albania,ALB,1193.466223131,1336.8591413621,1458.328047198,1859.5523519522,2466.0050797791,2781.5721442053,3051.7676403629,3603.0135598881,4370.5399247769,4114.1348991634,4094.3602035924,4437.8117250371,4256.0167020325
GDP per capita (current US$),NY.GDP.PCAP.CD,Samoa,WSM,1540.653729526,1555.4651908599,1631.3044696857,1907.0336981673,2350.8511020383,2587.4889302785,2793.5276922732,3130.3182433463,3375.7480298037,3173.4735132663,3530.573994353,4066.0666885938,4258.2459535434
GDP per capita (current US$),NY.GDP.PCAP.CD,Tonga,TON,1925.4737393981,1695.7981285126,1834.8448420706,2087.4357038693,2354.9612989382,2562.7462139246,2834.0312214732,2929.4719316932,3302.9986152809,3102.6818586129,3552.5991509723,4220.2640562553,4357.1382822543
GDP per capita (current US$),NY.GDP.PCAP.CD,Middle income,MIC,1173.3279120609,1163.436208291,1208.3346324377,1339.1642726129,1546.07621772,1802.5260165061,2103.0951130303,2563.0152949599,3004.7807038272,2978.5668124182,3595.0141399743,4174.1917235841,4360.1574501765
GDP per capita (current US$),NY.GDP.PCAP.CD,Mongolia,MNG,474.2060336762,524.0377601344,571.6020188267,646.2369491291,798.0243785282,998.8005557863,1333.8781004428,1631.9417073874,2135.8037041586,1715.3697007659,2650.2677478285,3779.5960060283,4395.7950881285
GDP per capita (current US$),NY.GDP.PCAP.CD,Fiji,FJI,2074.9288095605,2037.6854616461,2257.5446605483,2833.9057011499,3330.3099688344,3655.7358989633,3747.0368356415,4076.0335919628,4175.1061469267,3367.3702271387,3649.3665085695,4201.3442957761,4401.1115108805
GDP per capita (current US$),NY.GDP.PCAP.CD,Bosnia and Herzegovina,BIH,1435.957685801,1481.9457148652,1706.5019539099,2148.4843457988,2578.7380873092,2810.3376810133,3238.6236482857,3991.3154231022,4846.1321628957,4480.3775901371,4380.6042854269,4771.2692817828,4409.5921196777
GDP per capita (current US$),NY.GDP.PCAP.CD,"Macedonia, FYR",MKD,1838.5059899273,1796.3486539975,1937.0836613896,2377.0375262206,2724.5735110601,2994.4837672182,3276.92412887,3976.1497244293,4721.6022136808,4475.8282444126,4474.8828798559,4988.2012689088,4628.3135488301
GDP per capita (current US$),NY.GDP.PCAP.CD,Other small states,OSS,1741.6278320075,1709.7626105571,1725.6468612194,2178.4862910439,2662.2880478609,3067.0003357501,3215.1764313292,3702.5737137186,4297.5128875076,3664.5222077471,4225.0888903785,4935.4585342713,4852.3781504352
GDP per capita (current US$),NY.GDP.PCAP.CD,Belize,BLZ,3486.1643181075,3555.6601195768,3704.5367523812,3833.4249417448,3991.2843344401,4097.5386142983,4363.8265498145,4509.2962515199,4662.4190921974,4441.4823464534,4527.3366386364,4701.5479954471,4856.7157316546
GDP per capita (current US$),NY.GDP.PCAP.CD,Middle East & North Africa (developing only),MNA,1594.449466024,1611.4264170752,1533.5770624567,1684.8317055016,1898.573675277,2190.7419808479,2555.6719074735,3074.9959849422,3726.7714487136,3541.10987945,3998.195806139,4657.4195155253,4873.4143995449
GDP per capita (current US$),NY.GDP.PCAP.CD,Jordan,JOR,1763.1694716871,1824.8861212041,1901.5803614308,1973.8620597291,2156.4398362068,2326.495158611,2719.8224265635,3022.5428868946,3797.5926237223,4026.7663495768,4370.7210447601,4665.9542760527,4896.6884466024
GDP per capita (current US$),NY.GDP.PCAP.CD,Algeria,DZA,1727.3332508825,1702.7800794992,1742.5576103033,2056.2653025187,2549.957192979,3038.7359674162,3391.3858690331,3845.8250855042,4786.5328932637,3771.26321357,4349.5693247426,5271.5903121572,5309.8223686315
GDP per capita (current US$),NY.GDP.PCAP.CD,East Asia & Pacific (developing only),EAP,954.7723657406,1007.0445992594,1103.2610095951,1235.5469479619,1420.7965129313,1629.3257580807,1945.148854889,2442.1513154586,3064.9623124496,3298.0688900332,3965.5678796201,4811.8103966761,5326.5694555553
GDP per capita (current US$),NY.GDP.PCAP.CD,Jamaica,JAM,3479.0561519241,3494.2699104215,3716.2712425699,3592.8883415033,3862.0633717221,4251.4966637453,4495.8435372804,4805.8787166184,5130.2274085173,4521.9238040721,4917.0232018308,5346.2193393052,5463.7620068211
GDP per capita (current US$),NY.GDP.PCAP.CD,Thailand,THA,1968.5369911656,1831.9027876954,1988.733736301,2211.8740139008,2478.8175681408,2689.9511270286,3143.2372470487,3737.7193562737,4118.4013562628,3978.9083846875,4802.6619998026,5192.1132312776,5479.7605794866
GDP per capita (current US$),NY.GDP.PCAP.CD,Angola,AGO,655.6294944087,621.1959299946,839.5045119986,920.1011758598,1229.34298759,1706.5436213865,2440.6316418118,3412.7188065966,4596.2682743973,3988.6834975948,4218.6491255968,5159.2338770495,5539.8033111876
GDP per capita (current US$),NY.GDP.PCAP.CD,Ecuador,ECU,1462.3202101727,1914.4491661717,2191.0096061862,2442.2690361591,2704.6651545178,3012.7524373543,3337.4003628052,3574.8778927304,4255.8519947284,4236.777555321,4636.6930976666,5199.6696155657,5655.9461548035
GDP per capita (current US$),NY.GDP.PCAP.CD,Serbia,SRB,870.1365251593,1634.8750606895,2148.9035373961,2832.4906523085,3331.228765606,3528.1310077579,4129.7587410283,5458.1217184217,6701.7739127801,5821.3053970568,5411.8774039191,6423.2917833458,5659.3802040369
GDP per capita (current US$),NY.GDP.PCAP.CD,Namibia,NAM,2059.4006066939,1836.495967109,1716.4025774318,2488.9905127054,3297.9586171348,3582.2438599575,3886.5088020668,4200.8588383636,4008.933045154,4140.5426104959,5173.6666849832,5596.6449215115,5762.6904538495
GDP per capita (current US$),NY.GDP.PCAP.CD,Small states,SST,2599.6085791312,2593.5521426864,2665.7414888683,3070.1708824461,3528.9521510956,4021.762332316,4325.9973532255,4867.2916650353,5557.6268943937,4698.1262593192,5189.9826953625,5846.8150377882,5829.9032946986
GDP per capita (current US$),NY.GDP.PCAP.CD,Dominican Republic,DOM,2769.8823219873,2829.1924463911,2973.6571454148,2344.5339196874,2407.1892800377,3578.0512775718,3774.5043863798,4543.4913641491,4874.115186211,4844.9805315777,5295.4026724718,5718.2118360097,5881.4506108024
GDP per capita (current US$),NY.GDP.PCAP.CD,China,CHN,954.5522433017,1047.4818948092,1141.7635056209,1280.5971813153,1498.1737956253,1740.0931864373,2082.183362501,2673.2941909354,3441.2213545702,3800.4745416128,4514.9405201338,5574.187093369,6264.6438779399
GDP per capita (current US$),NY.GDP.PCAP.CD,St. Vincent and the Grenadines,VCT,3672.5892598695,3982.2508653801,4270.7668634978,4446.6354211447,4808.0829562158,5064.2182150334,5608.2041383213,6273.0894313085,6370.8464047697,6177.8366985646,6233.0369448815,6191.0934591056,6349.3356576933
GDP per capita (current US$),NY.GDP.PCAP.CD,Peru,PER,1960.7969145234,1956.2975686046,2036.5689071909,2180.391897078,2433.7727234129,2703.4367291491,3134.5268939191,3606.7068582774,4246.9478174592,4188.5286372441,5075.4766633033,5759.4090813342,6425.182378585
GDP per capita (current US$),NY.GDP.PCAP.CD,Cuba,CUB,2744.124478741,2835.0766612396,2995.8995284123,3192.4005190858,3388.7669544572,3776.4705486448,4666.9881692933,5185.3822716883,5382.8248138448,5499.1192175342,5701.9608983273,6118.2880215267,6489.1605921307
GDP per capita (current US$),NY.GDP.PCAP.CD,Montenegro,MNE,1627.0428933387,1909.6354349023,2106.3390131291,2789.0815815388,3380.1995346968,3674.5265295146,4383.595097082,5957.1456931201,7325.7034740518,6698.079438624,6636.8750285192,7249.8766235792,6519.1869711592
GDP per capita (current US$),NY.GDP.PCAP.CD,Iraq,IRQ,..,..,..,..,1373.1925816683,1824.6998663757,2321.1258074453,3091.0960956902,4472.1176542926,3701.8903413638,4473.7104398813,5848.5373889703,6691.6199246339
GDP per capita (current US$),NY.GDP.PCAP.CD,Europe & Central Asia (developing only),ECA,1756.755432989,1553.8528420764,1792.0293665553,2274.0854362982,2903.5735219095,3594.0120896993,4187.1311006872,5309.4537410155,6324.5466740516,5235.4788162265,5934.1571359766,6602.232402376,6702.8693253057
GDP per capita (current US$),NY.GDP.PCAP.CD,Belarus,BLR,1273.0491239487,1244.4419967652,1479.4653211322,1819.4790277163,2378.374893912,3126.3677777946,3848.5862030089,4735.9568891887,6376.1731149128,5176.044701382,5818.8548592158,6305.7736624765,6721.8349077397
GDP per capita (current US$),NY.GDP.PCAP.CD,Turkmenistan,TKM,645.2771014697,776.5722303828,969.9702443082,1286.0139845706,1455.9360495076,1706.9567263925,2140.4550263871,2606.7414393186,3918.9333329282,4059.9598801743,4392.7195833075,5724.5415862816,6797.7343069753
GDP per capita (current US$),NY.GDP.PCAP.CD,Dominica,DMA,4819.8999538392,4925.6296915111,4837.6319338856,4997.1625801392,5329.1357961291,5250.3525611745,5627.072821867,6058.1805055285,6614.9695821126,7026.9999561791,6926.8475973831,7122.0083544841,7181.7255568162
GDP per capita (current US$),NY.GDP.PCAP.CD,Bulgaria,BGR,1634.4246532494,1783.454845421,2077.0639858968,2697.1573600939,3331.0909433945,3785.5744744791,4370.6390758724,5783.3992180911,7115.9118237897,6738.1003515194,6580.8138748071,7588.8089418803,7198.5184614387
GDP per capita (current US$),NY.GDP.PCAP.CD,St. Lucia,LCA,4975.472010521,4656.5086546752,4631.0068465484,4981.4960465865,5415.6508054714,5655.5237820783,6320.3452531012,6720.4450217163,6781.3604647523,6715.7980297649,7014.1964486852,7193.1982967231,7202.2264814712
GDP per capita (current US$),NY.GDP.PCAP.CD,Upper middle income,UMC,1831.7640512673,1818.7813107316,1883.320213436,2080.5945191986,2430.925314309,2870.0407111858,3356.6844123282,4109.5196258733,4937.0640998852,4874.4341336477,5836.2010055516,6912.4631140995,7282.5640714262
GDP per capita (current US$),NY.GDP.PCAP.CD,"Iran, Islamic Rep.",IRN,1536.7151927336,1726.6301100069,1718.9652926777,1975.53862123,2353.9309888068,2737.1121413144,3416.8338528447,4282.0431595467,4899.3130635277,4931.2816694213,5674.9258807828,7644.3052308071,7300.4849739732
GDP per capita (current US$),NY.GDP.PCAP.CD,Botswana,BWA,3297.4786863383,3078.2796288686,3006.5940696107,4098.8380222894,4829.5160535552,5294.379478852,5321.4404554321,5711.7463588432,5660.1072223724,5260.557201336,6492.867499773,7893.9571825199,7381.763740546
GDP per capita (current US$),NY.GDP.PCAP.CD,Azerbaijan,AZE,655.0974326026,703.6712504399,763.1012122204,883.614008968,1045.0264152764,1578.3673303067,2473.0857763684,3851.4378687117,5574.6038021861,4950.2947914238,5842.8057835858,7189.6912292077,7393.7718769762
GDP per capita (current US$),NY.GDP.PCAP.CD,Maldives,MDV,2289.0874086954,3182.8531301056,3221.5267992107,3628.0427982568,4110.1520466482,3763.0941406105,4869.803108007,5664.4322755625,6747.8758512854,6776.9823854393,7161.5267734241,7412.5489139956,7488.8485194668
GDP per capita (current US$),NY.GDP.PCAP.CD,Arab World,ARB,2632.9937558855,2536.8308745138,2502.5404994905,2763.0251191046,3168.4334881883,3807.8281869729,4410.3612013303,5035.0610584259,6238.8263672452,5273.6751953684,6033.3394308173,7009.6666568027,7574.5295182605
GDP per capita (current US$),NY.GDP.PCAP.CD,Grenada,GRD,5117.5394724076,5109.9586249625,5292.2841201504,5773.4118431327,5836.2338123986,6754.3811745034,6764.6573553992,7322.5968617238,7946.7914206012,7393.4869133151,7366.5763358819,7409.2403308004,7584.1604808358
GDP per capita (current US$),NY.GDP.PCAP.CD,South Africa,ZAF,3099.131613696,2705.7802044796,2535.4900421057,3799.4395539688,4892.0390548474,5444.0758461639,5660.116973802,6153.6551666813,5811.6189443611,5912.1431794178,7389.9602636165,8080.8652433904,7592.1579969927
GDP per capita (current US$),NY.GDP.PCAP.CD,Colombia,COL,2503.549492013,2421.2726461017,2376.0838030607,2261.2836083266,2752.9134538105,3393.9926377075,3708.6009423614,4661.21346508,5403.4557602591,5104.9911934893,6179.7703294464,7124.5489200782,7748.9600781814
GDP per capita (current US$),NY.GDP.PCAP.CD,Romania,ROU,1662.2175347533,1833.812659649,2116.3120627115,2756.3325827901,3533.2660781368,4651.6922607402,5789.2097871972,8169.9759257408,9949.1902494175,8069.0228838509,8139.1466733563,9063.7008064222,8445.2966400147
GDP per capita (current US$),NY.GDP.PCAP.CD,Middle East & North Africa (all income levels),MEA,3055.5990423357,2998.2324119237,2927.2467598751,3220.4096016819,3673.5551565082,4330.8254581671,5013.5558244497,5792.5039890389,7081.4052676639,6193.0191023701,7060.8070480599,8396.6790282974,8844.9623155057
GDP per capita (current US$),NY.GDP.PCAP.CD,Mauritius,MUS,3861.0385424078,3792.1875762733,3957.5129049256,4623.3517835151,5229.8735672438,5116.0396422591,5455.0656303796,6285.7890498112,7749.3184383752,7082.2957001442,7772.1000565275,8984.6297685987,9110.8053987744
GDP per capita (current US$),NY.GDP.PCAP.CD,Latin America & Caribbean (developing only),LAC,3806.0881811841,3640.1297916122,3542.9422732591,3555.7990351915,3972.7514574099,4750.603420319,5490.5283828743,6390.4058277571,7252.2547434325,6664.9314743458,8233.1581117271,9423.2210376822,9125.1128876596
GDP per capita (current US$),NY.GDP.PCAP.CD,East Asia & Pacific (all income levels),EAS,3973.9425268163,3663.6128553408,3693.9039799967,4028.6201074488,4483.2676802982,4737.2843903844,4992.6698285499,5557.7822323316,6364.4791789752,6507.0485105712,7538.0712257424,8669.8303710276,9220.5778373667
GDP per capita (current US$),NY.GDP.PCAP.CD,Caribbean small states,CSS,5019.6926485279,5117.7772329449,5359.7904757859,5700.2958621701,6168.341614826,7009.1617361103,7821.3169814033,8635.6027286549,9788.7857329709,8189.8381641241,8603.6043672664,9217.2238128431,9369.5450571159
GDP per capita (current US$),NY.GDP.PCAP.CD,Suriname,SUR,1911.7753819405,1613.0280881506,2246.2078189281,2610.9719459963,3007.9257923795,3590.9791803492,5198.7437776025,5753.1782268347,6855.1823432557,7450.2325881304,8321.3416799456,8349.4153296356,9378.1960654661
GDP per capita (current US$),NY.GDP.PCAP.CD,Costa Rica,CRI,4058.0445337477,4087.1189706839,4114.5669049543,4199.6948119363,4379.3910625525,4621.3714639713,5128.4005731367,5897.5279551684,6582.7924544625,6385.5656120483,7773.18547615,8704.111200281,9427.240129374
GDP per capita (current US$),NY.GDP.PCAP.CD,Lebanon,LBN,5334.880243574,5256.6569108235,5447.7804684402,5442.3631652268,5437.8559689652,5339.4238804311,5342.4748023275,5936.7692279484,6887.0627531645,8274.1379778743,8755.8499678782,9144.6176157499,9764.1106066556
GDP per capita (current US$),NY.GDP.PCAP.CD,Mexico,MEX,6581.5369324992,6879.6698073496,6948.4076177329,6601.0420648057,7042.0247834044,7823.8254978772,8623.7867545043,9191.165203048,9578.9689794386,7687.0605961861,8916.4531715044,9812.1265102399,9819.4807851893
GDP per capita (current US$),NY.GDP.PCAP.CD,Panama,PAN,3803.9984129956,3788.8159095934,3861.1272790197,3990.7368693889,4292.4196304644,4594.4819394586,4998.3826788846,6050.3277825424,7002.7128336166,7169.8573445882,7833.9035509368,8895.1849085176,9982.4815683007
GDP per capita (current US$),NY.GDP.PCAP.CD,Latin America & Caribbean (all income levels),LCN,4311.8409346406,4139.7364145551,3669.862103525,3726.3190347609,4274.0902576006,5110.2700314949,5926.1569766204,6916.8133642225,7945.0367137254,7385.6245495509,9033.5656650975,10122.4359013431,10065.8329066962
GDP per capita (current US$),NY.GDP.PCAP.CD,Palau,PLW,7826.9910409232,8283.8302357224,8386.6772812109,8149.1209879863,8873.5966279744,9721.5005877282,9719.1414579153,9726.1123901034,9836.864183508,9183.1353703402,9004.6372164289,9765.3055031593,10398.7600265828
GDP per capita (current US$),NY.GDP.PCAP.CD,Malaysia,MYS,4004.545955175,3877.9966518247,4130.6780169076,4427.4597373397,4918.1667307418,5553.9925769174,6179.6296291822,7218.2652228286,8453.9319141158,7277.9812931073,8754.2428324594,10060.3927368557,10429.4559819425
GDP per capita (current US$),NY.GDP.PCAP.CD,World,WLD,5453.3667853002,5352.5658992141,5490.917641072,6091.103950508,6778.1390492273,7246.7826507725,7760.1737183223,8644.1438191511,9364.6633785531,8773.7521315382,9512.7667256642,10420.6385877935,10512.8769111827
GDP per capita (current US$),NY.GDP.PCAP.CD,Turkey,TUR,4219.5443497259,3057.7906641468,3576.2278548007,4595.2877753883,5866.7447114922,7129.6745024521,7736.0983822396,9312.0518426076,10379.4919462687,8626.3981653065,10135.7488914734,10604.5524046531,10660.7286389599
GDP per capita (current US$),NY.GDP.PCAP.CD,Gabon,GAB,4135.2540603396,3998.1503456795,4131.5698713118,4937.8376276012,5757.6642393526,6856.9220994717,7186.6313515574,8594.0723622878,10458.6772567398,7999.3387700875,9302.0495683255,11186.0097591794,10832.6046598164
GDP per capita (current US$),NY.GDP.PCAP.CD,Kazakhstan,KAZ,1229.000958445,1490.9267511843,1658.0311460152,2068.1236571983,2874.2882912765,3771.2789573385,5291.5756501865,6771.4147968189,8513.5646450681,7165.2770496965,9070.6499719999,11357.945490694,12120.3053397012
GDP per capita (current US$),NY.GDP.PCAP.CD,Brazil,BRA,3766.1761177841,3162.2169232807,2836.1068649831,3075.6499232233,3639.159312867,4792.6040665303,5888.2855066972,7347.3166063632,8836.9139544169,8602.7959673905,11318.0573574117,13279.4485171981,12147.5016188487
GDP per capita (current US$),NY.GDP.PCAP.CD,"Venezuela, RB",VEN,4799.6460179995,4942.0006103358,3666.6524422044,3241.5196156988,4282.015326377,5444.662517852,6747.7591246909,8329.6483195259,11223.2113050461,11524.9805306324,13559.1234392246,10727.9825698731,12728.7268472749
GDP per capita (current US$),NY.GDP.PCAP.CD,Hungary,HUN,4613.7058124924,5254.7724065573,6631.4484976167,8365.4646054327,10206.3250947957,11092.4308034314,11342.8905545968,13781.1407869037,15598.3228874203,12906.7503953069,12958.2707011137,13983.4976428084,12784.2956083469
GDP per capita (current US$),NY.GDP.PCAP.CD,Seychelles,SYC,7578.8510529885,7663.1370802645,8333.5513521527,8523.0050246662,10173.5748760331,11086.8908871587,12014.4180043889,12155.7016609467,11123.0045102274,9707.2653908327,10805.0994540818,12188.9755320594,12844.8292815144
GDP per capita (current US$),NY.GDP.PCAP.CD,Poland,POL,4492.7586159057,4981.1986188017,5196.8947085779,5693.4070420156,6639.8904368516,7976.1078622835,8999.7396266064,11247.5514811334,13906.2181999449,11440.5781321257,12530.3070997379,13776.0883810928,13036.3766491254
GDP per capita (current US$),NY.GDP.PCAP.CD,Croatia,HRV,4919.6280687083,5245.4214194414,6053.7160373911,7805.8814183311,9365.7424680119,10224.2405855179,11359.5257870499,13544.1886139729,15887.4191991522,14142.150761265,13505.7656168629,14539.1851762008,13235.9790882094
GDP per capita (current US$),NY.GDP.PCAP.CD,Libya,LBY,7393.6604155595,6486.8634143901,3835.2804943197,4843.7219922797,6014.582838625,8461.0100641752,9665.3791079019,11676.7511671722,14827.8538017221,10567.5530260397,12378.4551797958,5685.4122271929,13307.9419773288
GDP per capita (current US$),NY.GDP.PCAP.CD,Antigua and Barbuda,ATG,10094.758886369,9797.9685397356,10027.8560434856,10382.6307170906,10993.3690531169,12079.8656950416,13599.908857304,15276.0682646698,15786.3577997616,13979.2626925883,13017.3103875487,12817.8415733094,13525.616220134
GDP per capita (current US$),NY.GDP.PCAP.CD,St. Kitts and Nevis,KNA,9223.7490428412,9963.8203531123,10244.7175591941,9719.55935838,10349.8663810794,11053.7447437466,12766.6138128977,13553.4035362674,14374.1016109046,13703.4137421719,13226.952311419,13744.3248122488,13659.2992103779
GDP per capita (current US$),NY.GDP.PCAP.CD,Latvia,LVA,4169.732279098,4466.0452687791,4987.1888180387,5631.2619148975,6746.0638468692,7634.1935390127,9746.2350898065,14064.199072966,16383.0170828195,12212.4956320296,11379.2356381201,13749.2233389893,14031.7958668304
GDP per capita (current US$),NY.GDP.PCAP.CD,Russian Federation,RUS,1771.58660191,2100.3623859404,2375.059043945,2975.1327783493,4102.3722935488,5323.4660337581,6920.1943978361,9101.2567060889,11635.2742379874,8562.813696954,10674.9972024184,13323.8833754364,14078.8305693118
GDP per capita (current US$),NY.GDP.PCAP.CD,Lithuania,LTU,..,..,..,..,6706.8346866358,7863.5278271225,9240.2970586686,12298.2055450746,14961.7239743846,11837.1166773601,11976.9011427973,14360.4247889815,14333.247422089
GDP per capita (current US$),NY.GDP.PCAP.CD,Argentina,ARG,7701.3585347798,7208.8146276908,2711.8507736478,3413.1090680186,4784.6918893012,5767.7416565593,6746.5953762882,8384.1877041206,10232.9590849753,9457.069898644,11463.8434374439,13745.7988599138,14790.8826232836
GDP per capita (current US$),NY.GDP.PCAP.CD,Uruguay,URY,6872.7336858243,6282.0209020342,4089.1043122528,3622.2973373872,4117.6494474693,5221.6686692363,5879.3339791533,7012.5463800194,9067.5240390399,9421.6817060161,11946.8258288158,14175.4507935676,15134.0293845134
GDP per capita (current US$),NY.GDP.PCAP.CD,Chile,CHL,5133.0773111629,4625.3363770177,4487.1500180965,4866.3322499657,6223.9737675768,7614.5220579752,9371.4278571183,10383.4902252527,10672.254224207,10120.0387382785,12683.8852234346,14491.902923457,15186.6250683981
GDP per capita (current US$),NY.GDP.PCAP.CD,Barbados,BRB,11675.2123956735,11600.4338491815,11756.2814443241,12077.8012435203,12893.5912272001,14224.9824540882,15653.4738817778,16454.500374624,16550.5665732583,16494.2689404529,15854.363115023,15464.6491887979,15228.3905501358
GDP per capita (current US$),NY.GDP.PCAP.CD,Estonia,EST,4069.8538206948,4490.6590298726,5298.623213231,7165.6899086208,8849.3191086953,10336.3895510036,12591.9589912815,16580.9970419136,18087.6786567571,14718.3395892384,14632.0822062969,17177.4802984899,17132.2272892243
GDP per capita (current US$),NY.GDP.PCAP.CD,Slovak Republic,SVK,5402.0430936937,5707.5133587186,6536.2310781081,8711.6489716264,10671.335362194,11665.5098107109,13111.7716632451,16006.880759118,18558.8868402519,16455.1658277413,16509.8969196661,18065.6725910731,17151.3702828256
GDP per capita (current US$),NY.GDP.PCAP.CD,Trinidad and Tobago,TTO,6430.9497799641,6935.9012562028,7050.2554280997,8751.647776512,9985.2154258515,12323.2197036,14092.378803695,16520.3116368485,21170.6479973323,14498.9630089363,15494.7029665448,17659.7402538766,17365.2173012148
GDP per capita (current US$),NY.GDP.PCAP.CD,High income: nonOECD,NOC,6341.9757134985,6299.9385208604,5831.6401141477,6464.4574545323,7855.3902497701,9390.1178568131,11031.2365979078,13116.2071883319,15801.6063041196,13201.8531303604,15530.8368301319,18104.0066210086,19232.5335094898
GDP per capita (current US$),NY.GDP.PCAP.CD,Czech Republic,CZE,5994.5282768654,6594.7174650938,8011.8980737802,9741.0583837682,11667.6321201205,13317.7298342014,15159.1411456575,18333.9459002641,22649.3793400813,19698.4920909142,19763.9637984737,21656.3976406518,19670.4026149645
GDP per capita (current US$),NY.GDP.PCAP.CD,Portugal,PRT,11502.3963649613,11729.1442632099,12882.2877085685,15772.7358771091,18045.5925998791,18784.9533537404,19821.4428384484,22780.05624353,24815.6113328641,23063.9729287047,22539.9945043592,23194.7438533712,20577.4064256373
GDP per capita (current US$),NY.GDP.PCAP.CD,Malta,MLT,10377.0373182486,9967.7904065929,10849.7502791421,12844.5879877177,14064.2295970135,14834.4323706421,15705.3402150582,18356.968284457,20895.7805043413,19636.0062766561,19694.0831567142,22347.708423805,21176.3099827802
GDP per capita (current US$),NY.GDP.PCAP.CD,"Bahamas, The",BHS,21250.5818463926,21506.7441131334,22514.9447157155,22017.7077788761,22005.003101737,23416.9036853364,23733.8076764932,24321.0651105543,23674.1402078429,22060.9209798811,21940.7042480125,21537.2163425973,22138.0524787612
GDP per capita (current US$),NY.GDP.PCAP.CD,Equatorial Guinea,GNQ,2018.6046404907,2733.185322521,3276.652175494,4370.3054001025,7527.1198328614,13612.8479266932,13003.6388175575,15936.8425827967,23458.1292066704,13797.1367181778,16611.4949825712,21943.2362924452,22390.1977360413
GDP per capita (current US$),NY.GDP.PCAP.CD,Slovenia,SVN,10227.7511093487,10479.3126441489,11814.1070941244,14880.4689893241,17260.9023870701,18169.1797892301,19726.1382483059,23841.3238874423,27501.8175169953,24633.7960813766,23417.6404531573,24964.8017212362,22488.6588900316
GDP per capita (current US$),NY.GDP.PCAP.CD,Greece,GRC,11960.6644687404,12418.6791235659,13903.69055322,18292.0098552546,21676.4309223515,22327.0080874066,24557.8776127202,28548.304446526,31700.4941221594,29485.5098263532,26863.0116050517,25962.3689385998,22494.3781859902
GDP per capita (current US$),NY.GDP.PCAP.CD,Oman,OMN,8897.195357733,8687.7170217757,8725.8292767228,9055.1337261876,10050.153825718,12322.7278710607,14566.4377968761,16377.2685053531,23483.6288706442,18169.0674494322,20922.6566043717,22460.3825854038,23036.0468945946
GDP per capita (current US$),NY.GDP.PCAP.CD,Bahrain,BHR,13562.7342254233,12846.4533731624,13149.3134641492,14344.9282637343,16027.3447487809,18155.894896277,19459.5233524013,21049.0016496295,23037.6364062644,19250.9167430578,20545.7484473559,22466.644452457,23338.7711482292
GDP per capita (current US$),NY.GDP.PCAP.CD,"Korea, Rep.",KOR,11947.5772472444,11255.9478894452,12788.5801805177,14219.1935856009,15921.9391974413,18657.5218604219,20917.0298909073,23101.5111787845,20474.8874684752,18338.7063660256,22151.2091243629,24155.8293044196,24453.9713463072
GDP per capita (current US$),NY.GDP.PCAP.CD,Europe & Central Asia (all income levels),ECS,11508.2126251268,11608.7085331945,12678.6105605431,15420.8055715044,17922.1380531008,19019.7259272818,20527.1116772411,23913.2319139489,26151.6181066381,22922.142986196,23407.5974131882,25667.8024113645,24570.9810661876
GDP per capita (current US$),NY.GDP.PCAP.CD,Saudi Arabia,SAU,9354.4680131725,8760.0911001174,8639.1443439027,9389.5358517662,10853.6275072519,13303.3689221292,14855.0009550453,16050.7232885118,19714.3951394425,16013.2804032884,19326.5825548176,24116.1741324844,25945.9663284237
GDP per capita (current US$),NY.GDP.PCAP.CD,Puerto Rico,PRI,16192.129596219,18243.7177481569,18972.7685297569,19820.2072870642,20988.9923326534,21959.3227075956,22935.9411493385,23664.8823530538,24898.3388400438,25768.7360476525,26435.7259802226,27219.3933390493,27752.0427446427
GDP per capita (current US$),NY.GDP.PCAP.CD,Cyprus,CYP,14307.3535347433,14723.2104665853,15988.2750382377,20110.1201722943,23578.4293524547,24738.009385173,26455.1323679197,30915.4863902681,34950.3512981385,31673.4577102038,30438.9001948061,31836.6195112171,28868.2738161645
GDP per capita (current US$),NY.GDP.PCAP.CD,Spain,ESP,14787.756063671,15359.1084396669,17019.5354136605,21495.7074076474,24918.6458419994,26510.7174533426,28482.6094833461,32709.4010383771,35578.736189717,32333.4661042498,30737.8322708385,31973.0190830638,28985.3333285441
GDP per capita (current US$),NY.GDP.PCAP.CD,Israel,ISR,20901.7658538067,20126.8423296565,18246.0142923846,18755.2747445932,19682.9156675002,20378.061906558,21581.7180439552,24606.2183363013,29268.7315561871,27583.1981659482,30551.1246771895,33275.1568098657,32514.3673512902
GDP per capita (current US$),NY.GDP.PCAP.CD,European Union,EUU,18063.4504029893,18227.6429684749,19826.2648717886,24081.0393321117,27698.0452860057,28843.7941102348,30666.0113299272,35330.2560566155,37880.9561272287,33781.9352176871,33575.8418257636,36218.6906251931,34114.8795356776
GDP per capita (current US$),NY.GDP.PCAP.CD,Italy,ITA,20059.2107704266,20409.0035384696,22205.8419285721,27399.1051248808,31188.6227181104,31973.9347420354,33426.1660580163,37716.4491260352,40659.6704202487,36995.1073497522,35877.8714947865,38364.9417499558,34854.3975583218
GDP per capita (current US$),NY.GDP.PCAP.CD,"Hong Kong SAR, China",HKG,25756.6637783278,25230.2163329516,24665.8899982779,23977.0194516698,24928.1003722551,26649.6365933843,28224.0939572735,30593.952467989,31515.5278747405,30697.5383861641,32550.1378717655,35142.4879344543,36707.6953363363
GDP per capita (current US$),NY.GDP.PCAP.CD,High income,HIC,21843.2479404437,21547.6534039739,22192.9625412863,24781.4758811084,27545.4941647026,29085.7141321152,30696.5271694862,33564.5205275025,35696.2660034137,33011.0590757441,34673.9541717905,37350.4640664321,37372.9273200286
GDP per capita (current US$),NY.GDP.PCAP.CD,Euro area,EMU,20207.8826974713,20440.160583852,22118.0944007414,27138.3748231294,30941.0596899552,31938.6002651174,33748.9694210854,38662.5411279258,42181.5950341252,38452.9363987731,37583.4399449924,40425.8616853269,37606.7386181795
GDP per capita (current US$),NY.GDP.PCAP.CD,OECD members,OED,23438.2599858059,23061.2803548905,23903.0609330139,26606.4668638644,29403.9857029485,30845.4759997406,32304.7358085366,35076.5445987991,36844.0295431423,34250.8012616864,35689.1833575517,38082.2758363074,37812.4783551333
GDP per capita (current US$),NY.GDP.PCAP.CD,New Zealand,NZL,13641.0571869518,13882.899970798,16895.4579480864,21941.0506418817,25461.1384370262,27833.6014591954,26630.3566819526,32382.2667084201,30972.1238246185,27998.5619231283,33394.0693361365,37896.8596069766,39573.8105286442
GDP per capita (current US$),NY.GDP.PCAP.CD,Andorra,ADO,21432.9600712136,21823.5973148286,23975.2583466911,31382.1003194695,36894.9335843844,39990.3304085679,43192.2474634429,49338.0049949723,50036.2557937516,46401.0919605419,42952.7170668183,44015.0993211746,40150.3029688195
GDP per capita (current US$),NY.GDP.PCAP.CD,United Arab Emirates,ARE,34476.2853769806,32984.7423281387,34062.4256895298,36906.1998450072,40403.9881139794,43533.8905386945,45554.2181027324,44488.6485877244,46402.6404919844,32850.0750936576,33885.9304924774,38930.0069394228,40444.0658321152
GDP per capita (current US$),NY.GDP.PCAP.CD,France,FRA,22466.173321157,22527.9441245135,24276.0430940468,29692.3312125876,33876.2422783759,34881.4433661421,36546.4621941124,41602.9605913278,45415.8107676747,41633.7842316272,40708.5019359224,43810.5781826004,40853.3977079116
GDP per capita (current US$),NY.GDP.PCAP.CD,United Kingdom,GBR,26296.448188778,25864.3949738535,28202.8542573635,32586.6428021759,38308.4363664645,39934.7836019879,42446.7955745067,48319.9319455834,45167.7352263141,37076.6452548831,38362.2171225955,40974.7081448937,41050.7719367539
GDP per capita (current US$),NY.GDP.PCAP.CD,Brunei Darussalam,BRN,18086.6040375541,16516.8367698214,16868.3921155222,18541.9245766443,21819.2867873185,25913.6173469527,30612.634712187,32109.0621741745,37094.863308567,27212.4569571827,30882.3951524108,41059.9451551355,41126.6127283505
GDP per capita (current US$),NY.GDP.PCAP.CD,High income: OECD,OEC,26435.6169155416,26061.9890852695,27029.5615859535,30192.428397173,33369.1403645721,34921.0088161316,36535.9388409796,39657.2017978616,41651.7597101417,38955.6656494369,40447.3833865881,43179.7482944828,42903.1482101991
GDP per capita (current US$),NY.GDP.PCAP.CD,Germany,DEU,23685.3507471519,23654.2827650797,25170.8242069175,30318.5164137544,34120.1912644612,34650.7781763491,36401.4225071544,41762.9089109916,45632.8367808436,41671.3026974748,41725.8500720167,45867.7664803884,43931.6917088564
GDP per capita (current US$),NY.GDP.PCAP.CD,Iceland,ISL,31819.7062158033,28589.7434463388,31945.129523503,39114.2431488649,47032.5338723761,56611.30376533,56293.7902258466,68835.3064258705,55446.7630336537,40263.2826313664,41695.8945861852,46042.3706244713,44377.3739015039
GDP per capita (current US$),NY.GDP.PCAP.CD,Belgium,BEL,23151.9537440851,23078.4180600078,25006.7913546241,30702.5134923725,35547.5358635613,36927.9990776057,38936.3309077166,44449.6890600822,48561.3563991367,44999.2015813962,44360.9016865863,47801.5969046154,44818.045053451
GDP per capita (current US$),NY.GDP.PCAP.CD,Japan,JPN,37299.6441291293,32716.4186748897,31235.5881843914,33690.9377297154,36441.5044939422,35781.1700525965,34075.9789494111,34033.7012549361,37865.6180313874,39322.6047284114,42909.2341523544,46203.7095189836,46679.2654322303
GDP per capita (current US$),NY.GDP.PCAP.CD,Finland,FIN,24253.2504245786,24913.2445163584,26834.0262501804,32816.160880214,37636.1117341753,38969.171631813,41120.6765061581,48288.5490978186,53401.3148725198,47107.1557090705,46205.1660111855,50787.5649828531,47415.5598711351
GDP per capita (current US$),NY.GDP.PCAP.CD,Faeroe Islands,FRO,22850.4429638732,24501.9580638333,26563.7561394377,30778.7918969164,34520.887422886,35211.4939698451,39870.1254283213,45974.68484988,48652.9989747794,45506.0026522215,46412.5051129704,49822.380334952,47600.4003372833
GDP per capita (current US$),NY.GDP.PCAP.CD,Austria,AUT,24517.2651460415,24489.7377566869,26351.3814991077,32102.9263831301,36693.3995817902,38242.0500749095,40430.993614499,46586.6486029444,51386.3784114246,47654.1938696155,46593.3892166807,51130.9690458124,48348.2259628237
GDP per capita (current US$),NY.GDP.PCAP.CD,Ireland,IRL,26100.6668217544,28051.8354712738,32354.3056454634,40904.5948300442,47425.636318742,50569.0777622876,53944.022309315,61218.6187098877,60968.8376337523,51496.6333510021,47903.6813267378,51948.346535576,48391.3149728058
GDP per capita (current US$),NY.GDP.PCAP.CD,Netherlands,NLD,25958.1530822306,26554.063033556,28762.1945272485,35186.8709268694,39678.8163259552,41199.7255630695,44011.2826697796,50861.0664202826,56628.7511722595,51909.5849007047,50341.251919716,53537.2751512189,49128.0872747404
GDP per capita (current US$),NY.GDP.PCAP.CD,United States,USA,36449.8551155349,37273.6181034176,38166.0378407812,39677.1983481058,41921.8097617892,44307.9205848603,46437.0671173065,48061.5376613353,48401.4273403899,47001.5553496818,48374.0564565966,49781.357490134,51456.6587280353
GDP per capita (current US$),NY.GDP.PCAP.CD,North America,NAC,35232.9984630427,35930.8491772686,36777.868886872,38535.6966175216,40933.4748613302,43498.181200198,45834.9557269967,47702.4652807684,48213.007827818,46393.4649786254,48291.4597271455,50016.8270592835,51590.1465776446
GDP per capita (current US$),NY.GDP.PCAP.CD,Canada,CAN,24031.9512017887,23573.7500651106,23995.0163265338,28026.0060130447,31830.0118713303,36028.2324902754,40243.5522837141,44328.4753768925,46400.4418456756,40764.1413468899,47463.6311923649,52086.533524627,52733.4736890102
GDP per capita (current US$),NY.GDP.PCAP.CD,Kuwait,KWT,19786.6950070285,17616.2291299585,18620.3523227765,22621.8581302849,27061.8857663891,35185.9306721465,42010.8723539511,44868.5152120542,54540.4237306298,37158.4229928302,38580.4147272754,49295.8349481261,53544.0431248681
GDP per capita (current US$),NY.GDP.PCAP.CD,Singapore,SGP,23793.0363650117,21576.8698392825,22016.7126711623,23574.0025570507,27404.5752387102,29869.6327635758,33578.88807132,39223.5298636825,39722.1150150725,38576.9592330802,46569.688541916,53122.2497341027,54578.17678341
GDP per capita (current US$),NY.GDP.PCAP.CD,Sweden,SWE,29283.0050461572,26969.2445747257,29571.7044643283,36961.4253671424,42442.2204473133,43085.353145957,46256.4716010495,53324.3793724756,55746.8423811175,46207.0592032962,52076.4305245885,59593.6847982389,57134.0770682404
GDP per capita (current US$),NY.GDP.PCAP.CD,Denmark,DNK,30743.5591735847,30751.6494603843,33228.6929087101,40458.7706402839,46487.5149113562,48816.8358639645,52041.0029728889,58501.1383160235,64181.9946654657,57895.5012246202,57647.668762065,61304.0612046553,57636.1253095393
GDP per capita (current US$),NY.GDP.PCAP.CD,Australia,AUS,21666.9516807638,19496.6387106527,20062.2211406856,23445.1867600691,30449.6196474156,33995.8516729703,36100.558521619,40976.4521926747,49650.4175356324,42702.1982785315,51801.0489492732,62133.6107826902,67511.8249630025
GDP per capita (current US$),NY.GDP.PCAP.CD,"Macao SAR, China",MAC,14127.5666726526,14870.0499638043,15778.5127040793,17586.3770108613,22371.6136872992,25189.779366612,30363.6237160165,36606.7826562025,40847.0524751827,40859.987197503,53045.8790094043,67062.4532091203,77214.8412184874
GDP per capita (current US$),NY.GDP.PCAP.CD,Switzerland,CHE,37813.2302181431,38538.6430680323,41336.7216439991,47960.5635961176,53255.9767002361,54797.5467533557,57348.9244401324,63223.4649178067,72119.5590259182,69672.0086311537,74277.1216031631,88002.6145944266,83295.2586154822
GDP per capita (current US$),NY.GDP.PCAP.CD,Bermuda,BMU,56284.1686478094,58883.9594265967,62583.1002034588,66111.7252270036,70359.3191088798,75882.0338560339,83912.6977976846,90849.5869806436,93605.7481653976,88463.3128161375,88207.3275597322,85973.158416455,85458.455507886
GDP per capita (current US$),NY.GDP.PCAP.CD,Qatar,QAT,29914.2648169695,28666.6095517477,30748.5342984311,35644.4048392527,44051.6573298523,54228.8332777142,62920.6459444512,69166.9620455807,84812.6462865182,62527.6370729614,71510.188440135,88861.038393916,92632.6839391125
GDP per capita (current US$),NY.GDP.PCAP.CD,Norway,NOR,38146.7153917477,38549.5893413937,43061.1503812416,50111.6544494522,57570.2691601943,66775.3943971756,74114.697150083,85128.6575906714,96880.5096146393,80017.7768095085,87646.2700974708,100575.117263444,101563.702677597
GDP per capita (current US$),NY.GDP.PCAP.CD,Luxembourg,LUX,48826.5457882192,47558.3722118289,52190.0655646188,64422.2789895382,74674.1331656762,79595.5340773847,88400.2032742286,102523.39494122,112477.061131841,100735.351853257,102863.095724628,113731.651545496,106022.799072463
GDP per capita (current US$),NY.GDP.PCAP.CD,Liechtenstein,LIE,75057.8851631902,74437.6567222326,79495.517130623,89944.7420719099,100286.667731065,105334.487239003,114197.243158513,130322.605326987,142810.405263537,125641.588517026,140707.058828158,157736.226846259,149710.100732218
GDP per capita (current US$),NY.GDP.PCAP.CD,American Samoa,ASM,..,..,..,..,..,..,..,..,..,..,..,..,..
GDP per capita (current US$),NY.GDP.PCAP.CD,Aruba,ABW,20619.5658496388,20671.545738502,20433.6541088167,20834.9397101237,22566.6821576324,23302.8319880055,24015.4206122701,25921.2821405392,27549.3457319106,24639.9353260156,24289.1415161326,25354.7824741086,..
GDP per capita (current US$),NY.GDP.PCAP.CD,Cayman Islands,CYM,..,..,..,..,..,..,64107.3144553243,..,..,..,..,..,..
GDP per capita (current US$),NY.GDP.PCAP.CD,Channel Islands,CHI,43299.401141101,41608.4639449202,44157.1624085416,48226.0794793387,55842.6583759826,57209.2491624825,62263.8312103901,73577.1666059856,..,..,..,..,..
GDP per capita (current US$),NY.GDP.PCAP.CD,Curacao,CUW,..,..,..,..,..,..,..,..,..,..,..,..,..
GDP per capita (current US$),NY.GDP.PCAP.CD,French Polynesia,PYF,14530.2260236,..,..,..,..,..,..,..,..,..,..,..,..
GDP per capita (current US$),NY.GDP.PCAP.CD,Greenland,GRL,19004.0034517255,19275.4328079683,20652.8412682386,25129.0765454895,28903.9358328181,29903.284035428,30620.2155288913,37516.7509225391,30883.0349660334,22507.8887155204,..,..,..
GDP per capita (current US$),NY.GDP.PCAP.CD,Guam,GUM,..,..,..,..,..,..,..,..,..,..,..,..,..
GDP per capita (current US$),NY.GDP.PCAP.CD,Isle of Man,IMY,20358.6672866154,20802.3512023062,24223.3244585454,28669.4068037561,34624.4867439383,36980.1130792844,41254.2827409838,49654.9057309942,..,..,..,..,..
GDP per capita (current US$),NY.GDP.PCAP.CD,"Korea, Dem. Rep.",PRK,..,..,..,..,..,..,..,..,..,..,..,..,..
GDP per capita (current US$),NY.GDP.PCAP.CD,Monaco,MCO,82537.4464694446,82537.2638807502,88995.5906708296,108862.794246025,123263.613161822,126599.403276628,135688.799880639,170632.956214847,193892.32225785,153033.131087618,145221.191568424,163035.999801116,..
GDP per capita (current US$),NY.GDP.PCAP.CD,New Caledonia,NCL,12579.5951055864,..,..,..,..,..,..,..,..,..,..,..,..
GDP per capita (current US$),NY.GDP.PCAP.CD,Northern Mariana Islands,MNP,..,..,..,..,..,..,..,..,..,..,..,..,..
GDP per capita (current US$),NY.GDP.PCAP.CD,San Marino,SMR,28696.1934967833,29679.4419872134,31355.3737857721,39128.2761447743,44976.3685427224,46193.6726947739,48755.3981185198,55554.1154201189,62191.2322983837,..,..,..,..
GDP per capita (current US$),NY.GDP.PCAP.CD,Sint Maarten (Dutch part),SXM,..,..,..,..,..,..,..,..,..,..,..,..,..
GDP per capita (current US$),NY.GDP.PCAP.CD,Somalia,SOM,..,..,..,..,..,..,..,..,..,..,..,..,..
GDP per capita (current US$),NY.GDP.PCAP.CD,St. Martin (French part),MAF,..,..,..,..,..,..,..,..,..,..,..,..,..
GDP per capita (current US$),NY.GDP.PCAP.CD,Syrian Arab Republic,SYR,1180.480689826,1263.3886592253,1269.941767743,1261.8536272235,1419.2641809176,1588.5056715836,1772.5603304955,2065.5396321663,..,..,..,..,..
GDP per capita (current US$),NY.GDP.PCAP.CD,Turks and Caicos Islands,TCA,..,..,..,..,..,..,..,..,..,..,..,..,..
GDP per capita (current US$),NY.GDP.PCAP.CD,Virgin Islands (U.S.),VIR,..,..,..,..,..,..,..,..,..,..,..,..,..
GDP per capita (current US$),NY.GDP.PCAP.CD,Not classified,INX,..,..,..,..,..,..,..,..,..,..,..,..,..
